id,fecha,medio,autor,titulo,url,texto,grupo_comparacion
1,,Prensa Obrera,,Mercado Libre quiere “libertad” para explotar a los trabajadores pero proteccionismo ante las empresas chinas,https://prensaobrera.com/politicas/mercado-libre-quiere-libertad-para-explotar-a-los-trabajadores-pero-proteccionismo-ante-las-empresas-chinas,"La empresa subsidiada del “liberal” Marcos Galperin pide regulaciones contra las plataformas Temu y Shein.

El presidente de Mercado Libre en la Argentina, Juan Martín de la Serna, pidió endurecer las regulaciones en el comercio por vía de plataformas, ante el avance de la competencia china en la región (Temu, Shein) que esta afectando el cuasimonopolio del comercio digital en la Argentina, de la empresa fundada por el “liberal” Marcos Galperin. La empresa cuyo sello ideológico es el “libre comercio” quiere que el Estado intervenga y regule la actividad para conservar sus negocios, ademas de usufructuar beneficios y subsidios directos del Estado y gozar de una reforma laboral de hecho con trabajadores por fuera de convenio y desconocimiento de derechos laborales. En síntesis, lo que quieren es explotar ""libremente"" a sus empleados sin conquistas laborales ni organización gremial, pero son proteccionistas a la hora de cobrar subsidios y la competencia de mercado. Este es el liberalismo capitailsta en la era de los monopolios.

Las declaraciones del representante de Mercado Libre tuvieron lugar en el foro Abeceb, junto a otros empresarios, donde éste manifestó que “cuando uno abre indiscriminadamente que un asiático o un chino te mande un producto en barco que tarda 25 días, después no lo podés devolver. Le das trabajo a las empresas chinas, no a los argentinos. Incluso es difícil cobrarles impuestos, cosa que sí ocurre con Mercado Libre. Es importante que los países regulen de alguna manera"".

Lo llamativo es que el fundador y hasta hace poco directo ejecutivo de Mercado Libre, Marcos Galperin, se caracteriza por ser un ferreo defensor de la desregulación económica, del gobierno “liberal” de Javier Milei y del “libre comercio”… siempre que lo monopolice él.

La empresa china Temu aumentó 143% sus usuarios mensuales en la región, solo en los primeros seis meses del año, hasta 105 millones de usuarios, acechando la posición de Mercado Libre, que lidera el sector en la región, con un crecimiento casi constante en los últimos años.

La contradicción aún más interesante del evento mencionado es que en el mismo escenario que De la Serna, entre los expositores, se encontraba el empresario Eduardo Elsztain, con negocios actuales en la venta de oro y minerales, principalmente a China, como gran parte de los capitalistas locales que dependen del gigante asiático para sus exportaciones, en medio de que el presidente Javier Milei viajó a los Estados Unidos con un discurso dirigido a los capitalistas para atraer inversiones en el país, plegándose discursivamente a la guerra comercial contra China, con serias dificultades para aplicar medidas concretas en los hechos sin afectar los intereses patronales.

Los ahora “proteccionistas” de Mercado Libre, que defienden el trabajo argentino por sobre la competencia internacional -no exentos de ajuste y despidos- y que reivindican el pago de impuestos locales -aunque la empresa tenga su sede central en Montevideo (Uruguay) justamente con el fin de evadir impuestos nacionales- son “liberales a la carta”, reclamando la libertad de explotar a sus trabajadores con un convenio colectivo flexibilizador propio, en condiciones que vulneran los derechos laborales, o la libertad de comerciar sin impedimentos fiscales, pero reclamando regulación contra la competencia, subsidios como los de la Ley de Economía del Conocimiento, con reducciones en Ganancias y en las contribuciones patronales, entre otras cosas.

Son los capitalistas prebendarios, que despotrican contra el Estado y sus regulaciones pero viven de los negocios amañados y los beneficios y privilegios otorgados por los gobiernos capitalistas. De allí que Milei recibiera en los Estados Unidos a uno de los máximos exponentes de esta dinámica, José Luis Manzano, con inversiones en sectores como energía, comunicación y tecnología, totalmente dependiente de los negocios con el Estado y los subsidios y privilegios en su favor.

Los capitalistas reclaman reformas fiscales y políticas económicas a la medida de sus necesidades, aunque esto suponga la puja entre distintos sectores contradictorios y políticas contradictorias entre si, todas ellas contra los intereses de los trabajadores, lo mismo que pretenden con la reforma laboral antiobrera que todos ellos defienden. Hay que derrotarlos con la organización independiente y la movilización popular para garantizar los derechos y reivindicaciones obreras.

Prensa Obrera está distribuido bajo una",izquierda
2,,La Izquierda Diario,,“Empresario ejemplar”. El CEO de Mercado Libre contra los trabajadores: “Cinco empleos son cinco problemas”,https://www.laizquierdadiario.com/El-CEO-de-Mercado-Libre-contra-los-trabajadores-Cinco-empleos-son-cinco-problemas,"Marcos Galperín, el fundador de Mercado Libre que suele identificarse desde el régimen político y los negocios como exponente del ""emprendedurismo"", realizó nuevas declaraciones antiobreras que fueron filtradas en un programa de radio.

Sábado 15 de junio de 201900:51

El fundador y CEO de la empresa Mercado Libre, Marcos Galperín, sostuvo en una presentación que ""cinco empleos son cinco problemas y 100 empleos son 100 problemas"" en Argentina, en referencia a que ""generar empleo es muy difícil por el marco laboral"". Su empresa es una de las más beneficiadas por el Estado con desgravaciones y reducciones impositivas.

Te puede interesar:Polémica por prebendas a Mercado Libre: el secreto del “emprendedurismo” de Galperín

Galperín habría realizado esas declaraciones en una presentación para pocas personas, al día siguiente de la apertura del flamante Centro de Desarrollo ubicado en Polo Dot.

Según informó el programa periodístico ""Pasaron Cosas"", de Radio Con Vos 89.9, el CEO de Mercado Libre inauguró las oficinas de una empresa de ciberseguridad donde Galperín tiene inversiones.

Asimismo, declaró que ""el mundo del consenso no funciona cuando sos una democracia"". Específicamente, expresó que ""la democracia capitalista está muy cuestionada, no anda muy bien. En Estados Unidos anda muy bien pero se ha puesto muy autoritaria y eso puede ser necesario. Yo creo que el mundo del consenso no funciona cuando sos una democracia y tenes que rendir exámen y negociar contra un sistema autoritario que no tiene que rendir exámenes"".

De acuerdo al medioInfotechnology, desde Mercado Libre respondieron que no van a hacer declaraciones sobre el audio filtrado de Galperín. No obstante, fuentes cercanas a la empresa confirmaron la veracidad del audio y el contexto en el que se emitieron estas declaraciones: un evento corporativo de una startup de seguridad.

No es la primera vez que Marcos Galperin hace fuertes declaraciones sobre el mercado laboral argentino. En su momento, se filtró un video de un Q&A privado de la compañía. En el mismo, se ve a Galperín expresar que ""si realmente su prioridad es el sueldo, y les molesta que el aumento haya sido del 5% en vez del 6% u 8%... entonces MercadoLibre no es el lugar para ustedes"".

Así también, hace unos años pidió ""imitar la reforma laboral brasilera"" desde su cuenta de Twitter.

una iniciativa que se propone producir y sistematizar información económica, y aportar al debate público desde el punto de vista de las mayorías trabajadoras. Lejos de ser neutrales, los datos son terreno de disputa: quién los produce, cómo se interpretan y con qué objetivos.",izquierda
3,2017-09-21,Izquierda Web,IzquierdaWeb,El Evangelio del trabajo según San Marcos Galperín,https://izquierdaweb.com/el-evangelio-del-trabajo-segun-san-marcos-galperin/,"“El ‘círculo rojo’ ya tiene quien lo represente. Casi sorpresivamente apareció una figura nueva y, lo más importante, sin pasado ni deudas con el poder político que saldar. Y que dice abiertamente, sin eufemismos, lo que las cámaras empresarias necesitan que se debata. Se trata de Marcos Galperín, el fundador y CEO de Mercado Libre (…), la cuarta compañía del país, con una valoración de 13.000 millones de dólares (supera a YPF), que disparó el ya famoso tuit a favor de la aprobación de una reforma laboral a la brasileña. (…) Inmediatamente después, las cámaras aplaudieron la valentía de Galperín (…). Saben los representantes de los sectores privados que si cualquiera de ellos hubiera declarado lo que dijo Galperín, hubiera sido blanco de un ametrallamiento oral y público (…). Saben los privados que desde el escándalo de la ‘ley Banelco’, que desató nada menos que el comienzo de la caída de un presidente, cualquier discusión sobre el tema está envenenada. (…) Prácticamente todos los representantes de las cámaras privadas están, en mayor o menor medida, manchados con cierto pasado de vinculación con aquellos olvidables años. Se necesitaba entonces alguien nuevo y con indudable respeto general”(C. Burgueño,Ámbito Financiero, 15-9-17).

Es indudablemente cierto queen materia de legislación laboral, el empresariado argentino no tiene lo que se dice mucha autoridad moral. La patronal argentina tiene tanta vocación de explotación y precarización del trabajo como cualquiera, pero le agregauna capacidad corruptora de funcionarios y legisladores que no es tan habitual en otros países. ¡Si el propio Héctor Méndez, durante años titular de la Unión Industrial Argentina, dijo lo más suelto de cuerpo hace poco más de un año que “a la obra pública le decían Movicom, porque venía con un 15 [por ciento de coima] adelante”! Otro ejemplo es la ley Banelco a la que hace referencia el periodista: justamente, un proyecto de flexibilización laboral impulsado en el año 2000 por las cámaras empresarias y para cuya aprobación se pagaron coimas millonarias a senadores (el escándalo disparó la renuncia del vicepresidente de De la Rúa, Carlos “Chacho” Álvarez).

Por supuesto, no se trata sólo de las coimas y la corruptela: la mancha indeleble de la burguesía argentina desde su nacimiento mismo, como lo demuestran todas las investigaciones históricas serias, es que se trata de una clase que, a diferencia de las burguesías revolucionarias de los siglos XVII y XVIII,no sólo no revolucionaron el Estado sino que sólo pudieron crecer y prosperar a la sombra y bajo el amparo de éste. Por eso, toda invocación a la “libre iniciativa privada” en boca de los capitalistas argentinos, eternamente prebendarios, socios y a la vez saqueadores del Estado, suena como Astiz defendiendo los derechos humanos.

Era de esperar que, con semejantes antecedentes, las entidades patronales aplaudieran sin hacer olas la intención del macrismo de cambiar las leyes laborales, sin mucho margen para hacer cuestionamientos. Es aquí que entra la figura del “hombre sin pasado (impresentable)”, un “emprendedor” moderno, tecnológico, del siglo XXI, que “se hizo solo, sin ayuda del Estado”: Marcos Galperín. Vamos a presentarlo.

Un emprendedor global sin “raíces argentinas”

Galperín, creador de Mercado Libre, no es un empresario del montón. Es, según la revistaForbes, uno de losexactamente sieteargentinos con un patrimonio superior a los mil millones de dólares (en inglés, “billionaire”). Vocero del grupo Endeavor, promotor de la “cultura emprendedora”, es además amigo personal de Mauricio Macri y representa el paradigma de los “valores PRO”, que por ejemplo la reforma educativa macrista quiere inculcar a los jóvenes de este país: “innovador”, “exitoso”, “emprendedor”, “competitivo”, “adaptado a las tecnologías del siglo XXI” y un largo etcétera. De hecho, más de una vez el ex ministro de Educación Esteban Bullrich propuso como objetivo de la “nueva educación” el de “detectar y crear los nuevos Marcos Galperín”.

A todo esto, ¿en qué consistió el famoso tuit de Galperín? Textualmente: “Viendo la reforma laboral Brasilera, Argentina puede 1) imitarla 2) salirse del Mercosur 3) resignarse a perder millones de empleos a Brasil” (9-9-17). Si dejamos de lado la penosa ortografía y sintaxis de Galperín, el mensaje está claro. Como dijo un ejecutivo de una automotriz: “Todos pensamos lo mismo. La diferencia es que algunos se animan a decirlo y otros no”. Claro, los que no se animan son los que tienen la colita demasiado sucia.

La comunión conceptual y política de Galperín con la reforma brasileña tiene incluso un argumento también profusamente utilizado por Macri: elproceso de transformación del mundo laboral que motorizan las tecnologías digitales. Sin entrar en el tema en profundidad (algo que merece una elaboración mucho mayor, que estamos en curso de desarrollar), sólo señalaremos que con la excusa de “prepararnos para los empleos que todavía no existen”, lo que se propone como modelo es una“uberización” de las relaciones laborales, donde los empleados no son tales sino “proveedores independientes” sin relación de dependencia; donde el trabajo deslocalizado, itinerante, nómade, “co-working”, abre un panorama detrabajadores encapsulados, sin contacto personalcara a cara con sus compañeros; con unacreciente estratificaciónentre los “creativos” y los que quedaron fuera de los empleos “cognitivos” y, por supuesto, con unacompetencia individualista brutalsin el menor espacio para prácticas colectivas y para organizaciones sindicales, “tradicionales” o nuevas. Es exactamente el ambiente de trabajo de Mercado Libre.

En verdad, la empresa de Galperín es un perfecto ejemplo de los llamados “unicornios” (firmas tecnológicas creadas recientemente y con un valor de más de mil millones de dólares). No sólo por el modelo laboral, sino por el modelo de relacionamiento con el Estado: a diferencia del grueso del empresariado argentino, que vive de la prebenda de, el negociado con o la estafa al Estado, estas compañías tienen el sello de lo global. Esto es, no piden al Estado más que “laissez faire” (dejar hacer) y tienen muy poco o ningún compromiso o raigambre social, laboral o tecnológica con el país. Como dice el citado Burgueño, Galperín es “alguien que podría en horas levantar toda su inversión en la Argentina, trasladarla a cualquier otro mercado con costos más bajos y continuar creciendo exponencialmente. (…) Un caso muy diferente de la realidad de los representantes de las cámaras (…) de la construcción, comercio, industria manufacturera o servicios, [que] deben invariablemente sentarse a negociar con los sindicatos ortodoxos y establecidos del país. Algo de lo que Galperín puede prescindir” (cit.).

Está a la vista, entonces, la distancia entre los deseos y la realidad:Galperín pide una reforma a la brasileña que sea compatible con el mundo sin sindicatos, delegados, convenios ni paritariasen el que él vive. La patronal argentina aplaude lo que por ahora es una utopía capitalista estilo Ayn Rand, pero sabe que vive en el mundo de la burocracia sindical peronista, la CGT, la vanguardia combativa de izquierda y unas relaciones de fuerza que no son las de Brasil.

Esclavizar al trabajador y que no sirva para nada

La reforma laboral impulsada por el gobierno del corrupto y golpista Michel Temer en Brasil es tan abundante en detalles macabros para los trabajadores que sólo nos concentraremos en algunos, precisamente los que más interesan a los empresarios argentinos.Lo más importante es la “libertad” del empleador de pactar “libremente” con su “libre” empleado sueldo y condiciones de trabajo. Por supuesto, la “dictadura” que coartaba esa “libertad” era la de los sindicatos y los convenios colectivos, que ponían un límite a la voracidad explotadora del patrón y lo obligaba a cumplir determinados pisos de salario y condiciones laborales que un trabajador aislado jamás le podría arrancar. Es el sistema que rige hoy en Argentina (y en no muchos países más, a ese nivel), y que no regirá más en Brasil si se impone la reforma patronal de Temer.

A eso cabe agregar lindezas como que la jornada laboral puede extenderse hasta 12 horas sin pagar horas extras, convertir las vacaciones en remuneración, eliminar la cobertura de de los accidentesin itinere(en viaje de y hacia el trabajo) y en generalacomodar los términos del contrato laboral, desde la extensión de la jornada semanal y diaria hasta las vacaciones, a las necesidades del proceso productivo, pisoteando sin escrúpulos décadas de legislación laboral. ¿Quieren más? Ahí va: el pago del salario ya no es mensual sino por semana o incluso por día, permitir el trabajo a embarazadas en ambientes insalubres y eliminar la obligatoriedad de la cuota sindical (lo que haría desaparecer a la mayoría de los sindicatos).

Lo irónico del caso es que estas reformas, supuestamente indispensables para “recuperar competitividad” de la economía en el marco deuna creciente apertura a una globalización que nivela para abajoen materia de derechos laborales, tendrán, según calculan sus propios defensores, unos efectos pasmosamenteinsignificantesa costa de una total disrupción de la vida laboral y personal de millones de brasileños.

En efecto, tres economistas del Banco Itaú (Fernando Gonçalves, Luka Barbosa y André Matcin), muy entusiastas ellos de la reforma de Temer, hicieron un estudio comparativo teniendo en cuenta medidas similares en Italia e Islandia (2009), Rumania y Portugal (2011), Grecia, España, México, Irlanda y República Checa (2012) y Serbia (2014). En el trabajo tuvieron en cuenta casi una decena de indicadores de “eficiencia” del mercado laboral, todas en el mismo sentido de arruinarles la existencia a los trabajadores. Pues bien, el resultado de la reforma Temer, según calculan, sería hacer avanzar el índice de eficiencia laboral de Brasil en la tabla del World Economic Forum (los garcas de Davos, por si no lo recuerdan) desde la posición 117 hasta la… 86.

¿Les parece poco? Pues más irrisorio todavía es el progreso en el índice de competitividad global, donde Brasil, en una escala de 1 (menos competitivo) a 7 (más competitivo) pasaría de 4,06 a 4,09, subiendo del puesto 81 al puesto… 78. “En principio, el impacto parece pequeño [la verdad que sí. MY], pero al correlacionar el PBI per cápita con la nota global de competitividad, observamos que la mejora calculada es compatible con [ni siquiera “equivale a”, sino sólo “es compatible con”. MY]un crecimiento del 3,2% del PBI per cápita brasileño en un horizonte de cuatro años(0,8% anual)” (citado por J. Herrera enÁmbito Financiero, 7-8-17).

¿Se entendió?Le estropeamos la vida a millones, pero el resultado estratégico muestra hasta qué punto el sacrificio vale la pena: uncero coma ocho por ciento anualde crecimiento del PBI per cápita. El peor negocio del planeta para los trabajadores y para la economía de Brasil, pero la octava maravilla del mundo para la patronal esclavista del país vecino. Un destino por el cual los empresarios argentinos suspiran de envidia y rezan el Evangelio según San Marcos Galperín, esperando que el Sumo Pontífice Mauricio I obre el milagro y les dé la reforma esclavista que tanto desean pero que no se atreven a pedir en voz alta.",izquierda
4,2019-07-28,Izquierda Web,https://www.facebook.com/izquierdaweb,Galperín y los “libertarios” comegente,https://izquierdaweb.com/galperin-y-los-libertarios-comegente/,"Recientemente causó revuelo el enfrentamiento vía Twiter (por ahora) entre el dueño de Mercado Libre, Marcos Galperin, y el sindicalismo, en este caso el gremio bancario, ya que su secretario general, Sergio Palazzo, había reclamado que los empleados de Mercado Libre que trabajan ofreciendo servicios financieros como Mercado Pago se encuadraran en la actividad bancaria. Para qué. Autoritario, patotero, extorsionador, fue lo menos que replicaron Galperin, otros empresarios ahora en campaña por la reelección de Macri y el propio presidente. Lo curioso fueron los argumentos “liberales libertarios” que esgrimió Galperin, y que son sólo una muestra de un perfil ideológico muy definido en este tipo de empresarios. Pero para entender de dónde viene, empecemos haciendo un poco de historia.

Los liberales argentinos no siempre han sido muy fieles a la doctrina. En lo estrictamente económico sí, porque históricamente, desde el siglo XIX, han sido en generallibrecambistas(esto es, partidarios del libre comercio, sin trabas arancelarias). Esto es muy explicable porque los pensadores liberales locales fueron representantes directos de la oligarquía agroganadera argentina, cuya máxima aspiración era vender sus productos en el mercado mundial. Como el campo argentino siempre fue “competitivo” en la división mundial del trabajo, el libre cambio es el mejor de los mundos para los terratenientes.

Pero en el siglo XX se da un cambio en el pensamiento liberal clásico. A instancias de las crisis del capitalismo, las guerras mundiales, el desastre de la crisis iniciada en 1929 y el surgimiento de la “amenaza comunista”, los liberales debieron aceptar (siguiendo a Keynes) un mayor rol del Estado capitalista que el que habitualmente habían predicado. Esto se tradujo, desde la posguerra, en el desarrollo del “Estado de bienestar” y una serie de cambios en la configuración de las economías capitalistas que dejaron bastante maltrecha la idea de un capitalismo puramente de mercado. En oposición a estas ideas, una vertiente “fundamentalista de mercado” (representada por el ultraliberalismo de la Sociedad MontPélerin, Karl Popper, Friedrich von Hayek y otros) siguió demonizando el “dirigismo estatal” y aborreciendo los instrumentos keynesianos. Pero eran una claraminoría.

Fuera de lo económico, el liberalismo europeo y anglosajón pasó a darle un lugar mayor en la doctrina (la realidad es otro cantar) a los derechos y libertades individuales, con una mayor tolerancia política y religiosa (siempre que no se colaborara con el “peligro comunista” desde ya).

Estas corrientes nunca fueron decisivas en el liberalismo argentino del siglo XX, especialmente de su segunda mitad. Los más jóvenes puede que no los conozcan, pero el principal adalid y defensor de las políticas económicas liberales, ya en los 50, fue Álvaro Alsogaray, promotor de privatizaciones, desregulaciones y ataques a la clase trabajadora desde su lugar de ministro o desde el púlpito. En lo ideológico, el más conocido y mediático (primero desde la prensa escrita y, desde los 70, en televisión) de los liberales fue el periodista y profesor Mariano Grondona. Desde el aura intelectual que le daba su cátedra en la UBA y aprovechando su difusión televisiva, fue el encargado de sostener en lo conceptual la doctrina liberal.

Lo curioso del caso, visto desde el liberalismo europeo, es que estos “liberales” sólo merecían ese nombre por su pensamientoeconómico: en todos los demás aspectos, se trataba dearchiconservadores reaccionarios. La democracia liberal no les generaba ningún entusiasmo por sus potenciales debilidades en la lucha contra el comunismo, y en lo cultural, no se separaban un milímetro del oscurantismo de la Iglesia. Es así que militares católicos como Alsogaray o católicos militantes como Grondona, que fue defensor y/o promotor y partícipe de absolutamente todos los golpes de Estado militares del siglo XX en Argentina, pasaron a ser sinónimo de “liberalismo argentino” durante décadas.(1)

Los “libertarios” asoman la cabeza

Con la llegada de la globalización, la caída del Muro de Berlín y el clima posmoderno ambiente del triunfo definitivo del capitalismo,volvieron con todo los fundamentalistas de mercado, ahora autodenominados “libertarios” o incluso “anarco-capitalistas” por su defensa irrestricta de la “libertad del individuo” y del mercado como lugar de encuentro de los individuos frente a casi cualquier institución o forma de organización colectiva (pronto veremos con qué excepciones).

Aunque sigue existiendo una diferencia conceptual y política entre el liberalismo de “centro” que sigue reconociendo la necesidad de ciertas formas y mecanismos de intervención estatal (como el de la revistaTheEconomist, decana de la doctrina liberal desde la época de la Ley de Granos en la década de 1840) y los “libertarios”,las proporciones ya no son las mismas. Desde que Ronald Reagan y, especialmente, Margaret Thatcher rehabilitaran el ultraliberalismo (2), ese credo ya no es minoritario sino que disputa la hegemonía con el liberalismo tamizado por Keynes. Y en el plano universitario, la llamada Escuela de Chicago (donde se formaron los más conocidos economistas neoliberales argentinos) fue cuna de una seguidilla de premios Nobel de Economía que marcaron tendencia en el pensamiento académico global en la disciplina.

Digamos que fue justamente laescuela neoliberal de Chicagola que definió un rasgo que haría tendencia: el ultra liberalismo económico adopta talrango de precedencia sobre el liberalismo político o culturalque sus gurúes no vieron ninguna contradicción en defender a la vez el programa de apertura económica con libre mercado y a las dictaduras sangrientas que implementaban ese programa. Así, el padre del neoliberalismo, el premio Nobel Milton Friedman, fue muy sonriente al Chile de Pinochet a asesorar, promover y defender la “libertad” de los mercados, ya que no de los ciudadanos chilenos.(3) Con semejante antecedente, los émulos argentinos de Friedman, los llamados “Chicago boys”, fueron entusiastas asesores, funcionarios y defensores de la dictadura militar.

Por otra parte, y a tono con los cambios culturales de la globalización y la posmodernidad, los liberales europeos pasaron a defender causas vinculadas a derechos civiles e individuales como la legalización de la marihuana, del aborto, de la eutanasia y de las relaciones homosexuales. Desde ya, nada de esto se aplica para los oscurantistas  liberales argentinos, que en los 90 y aun después siguieron viendo con tanto sacrosanto horror como los militares de la dictadura de Videla al consumo de drogas, a la cultura rock y a todo lo que no fuera estricta heterosexualidad.(4)En ese sentido,los “libertarios” argentinos nunca fueron muy conocidos por su compromiso con las libertades individuales. Más bien, lo que siempre les interesó más fue la libertad de los individuos paracrear empresas, ganar plata y olvidarse del resto.

Los empresarios de la “nueva economía digital”, campeones de la libertad

Si hay un sector de la clase capitalista que ha abrazado sin reservas la ideología liberal “libertaria” son los mega empresarios de las compañías tecnológicas. Son losabanderados del “capitalismo software”, liviano, grácil, móvil, globalizado, sin ataduras a las pesadas fábricas del capitalismo industrial… ni a las leyes laborales, ni a los trabajadores, esa rémora del siglo XX. La “economía de plataformas” de este “capitalismo software” se basa en ofrecer servicios sin atarse a la propiedad de bienes físicos. Así, la mayor cadena hotelera del mundo, Airbnb, no tiene un solo hotel; la mayor compañía de servicios de viaje del mundo, Uber, no tiene un solo taxi, etc.

Comparten varios rasgos. Son, por lejos, los capitalistas más exitosos en términos deganancias(es sabido que las tecnológicas tienen tasas de ganancia y ritmos de capitalización bursátil mucho mayores a los de las compañías tradicionales, con una proporción de capital fijo y de empleos muy inferiores.Odian a toda forma de acción colectiva, especialmente sindical, y toda forma deregulación estatal, que aceptan siempre a regañadientes y bajo protesta.Detestan pagar impuestosy se especializan en maniobras deevasión fiscal a gran escala, usando paraísos fiscales y radicando el domicilio legal en los países con más bajos impuestos (como Apple con Irlanda, lo que le valió una multa de 14.000 millones de euros, que así y todo fue negocio).Tercerizan todo lo que puedenla fabricación de hardware en países de bajos salarios y pésimas condiciones laborales. Sienten el más absolutodesprecio por quienes trabajan en sus empresas, a los que por otra parte jamás reconocen como “empleados” ni menos todavía como “trabajadores”, sino que son invariablemente designados como “colaboradores” o incluso “asociados”, a tono con la ideología delirante de que las relaciones laborales son cosa de “individuos” y no de clases. Buscan disimular esta avaricia feroz conobras, fundaciones y mensajes filantrópicos. Y, para terminar la lista aquí, aunque podríamos seguir, cuanto más grandes y poderosas son esas compañías, mayor es lamegalomaníagalopante, elmesianismoy la ideología brutalmenteantidemocráticade sus dueños y CEOs. Ya veremos cómo el representante argentino del rubro, Marcos Galperin, tilda todos los casilleros.

Pero empecemos por el mayor de todos, Jeff Bezos, de Amazon. Se propone como gran benefactor de la humanidad, excepción hecha, claro está, de sus “colaboradores” en los “centros de cumplimiento”, a los que exprime como limones y lleva a ladestrucción física y psicológica, con salarios más bajos que el promedio y tasas de rotación altísimas que, por supuesto, no importan porque carne de esclavitud sobra.(5) Pero Amazon lleva estas relaciones a todo lo que toca. Por ejemplo, hace poco compró la compañía alimenticia yanqui Whole Foods. Pues bien, casi enseguida llegaron las denuncias devideos de formación gerencial para detectar actividad sindical, desalentar afiliación a sindicatos y sembrar el miedo al cierre de la sucursal si entran los sindicatos. Veamos algunas perlas textuales de esa formación de directivos y capataces (perdón, “líderes de equipo”): “Tener un sindicato perjudica la competitividad, no tenemos los mismos valores”; “el sindicato corta la relación directa entre gerentes y asociados”; “los sindicatos eran algo bueno hace años, pero ahora no hacen falta porque el gobierno hizo leyes laborales” (The Guardian, 29-8-18).

La voluntad de explotación de la mano de obra es universal, pero donde posiblemente haya cobrado mayor vuelo es en China, sede de al menos cuatro de las diez mayores compañías tecnológicas del mundo. Allí es común la llamadacultura “9-9-6”: trabajar de 9 de la mañana a 9 de la noche 6 días por semana. Como observa una columnista garca admiradora de estos garcas, “se puede argumentar que tanto tiempo de trabajo puede destruir la creatividad [y la cabeza, y el cuerpo. MY]. Pero la cultura 9-9-6 en China no va a desaparecer. La economía tecnológica está creciendo demasiado rápido y las oportunidades son demasiado grandes como para relajarse. (…) La primera generación de emprendedores de internet chinos, incluyendo a Robin Li de Baidu, Jack Ma de Alibaba y Pony Ma de Tencent [respectivamente, el Google, Amazon y Whatsapp chinos. MY] son héroes del emprendedurismo chino. Y Jack Ma es un entusiasta del sistema 9-9-6” (R. Fannin,Forbes, 5-5-19).

Pero en cuanto a mesianismo y megalomanía protonazi, o post nazi, no hay como Peter Thiel, fundador de Pay Pal (el modelo de Mercado Pago) y miembro del consejo de administración de Facebook. Siempre quiso crear una nueva moneda mundial (algo como lo que intenta ahora Facebook con Libra), propone la creación vía Facebook de comunidades espontáneas que reemplacen a los estados, pero sobre todo está convencido de que “libertad y democracia son incompatibles”. ¿Por qué? Porque democracia es estatismo, y por lo tanto genera “dependencia del Estado de bienestar y emancipación de las mujeres” (sic!). En 2009, decía que “el destino del mundo puede depender del esfuerzo deuna sola persona que construya y propague la maquinaria de libertad que haga al mundo seguro para el capitalismo”. Y en 2014 este “libertario” despreciaba la libre competencia y celebraba el poder de los “monopolistas creativos”. No es de extrañar que los liberales clásicos, horrorizados, hayan denunciado su mutación a un “corporativismo nietzscheanoque cree en el poder de los emprendedores talentosos para cambiar por el mundo con su puro intelecto y voluntad” (The Economist, 4-6-16).

En realidad, esteelitismo archiclasista, misógino (6) y megalómanotiene sus antecesores en la Biblia de los libertarios yanquis y de todas las latitudes, la delirante Ayn Rand, rusa emigrada que defiende este credo de quelos empresarios son individuos superioresa los que todo el resto de la sociedad debe rendir pleitesía y ceder el paso.

Galperin, el modelo macrista y la libertad de explotación

Con estos antecedentes es posible poner en contexto el pensamiento de Galperin. Recordemos que Mercado Libre es, sencillamente,la empresa de origen argentino con mayor valor de mercado: 30.000 millones de dólares, cuatro o cinco veces más que un gigante del “capitalismo hardware” como YPF. Sólo en el primer trimestre de este año tuvo ganancias por casi 500 millones de dólares, un 47% más que el año pasado. Cotiza en el índice NASDAQ (tecnológicas) de Wall Street desde 2007. Tiene 7.000 empleados en América Latina y 4.000 en Argentina. Y la cantidad de representantes gremiales de esos trabajadores es exactamente cero.No tiene un solo delegado sindical.

De allí que Galperin se haya negado a que sus trabajadores financieros sean encuadrados en el gremio bancario, o que sus trabajadores de logística pertenezcan a Camioneros. Inclusive hubo una negociación con Cavalieri, de Comercio, cuando hubo un intento de elección de delegados en 2011. No sabemos los términos de la negociación… pero delegados no hubo.

Como tampoco hay respeto de los aumentos deparitariasdel propio gremio de comercio. Pasa que, según parece, los empleados (perdón, “colaboradores”) de ML deben estar tan agradecidos de trabajar en esa empresa pionera que el sueldo no interesa mucho. Por eso el propísimo Galperin, en reunión con sus empleados en plena crisis inflacionaria el año pasado, les revoleó este inolvidable concepto liberal:“Si realmente su prioridad es el sueldo, y les molesta que el aumento haya sido del 5% en vez del 6% u 8%… entoncesMercadoLibre no es el lugar para ustedes”. ¡Miralo al denunciante de extorsionadores!

A todo esto, el vicepresidente de la cámara que agrupa a las “fintech” (empresas financieras tecnológicas no bancarias), Alejandro Cosentino, que además es CEO de la plataforma colaborativa de créditos Afluenta, salió a defender a Mercado Libre con este argumento: “Palazzo habla de nuestra actividad sin conocerla. Lo que quiere es juntar una vaca y un hipopótamo, no tiene sentido encuadrar a los empleados (de las fintech) en la actividad bancaria. Aunque no es un universo homogéneo, hoy en su mayoría hay empleados de comercio”. Se ve que Cosentino y Galperin deben creer que un empleado que maneja transacciones financieras electrónicas se parece mucho menos a un bancario que a un repositor de góndola de supermercado, y no tienen problemas en mezclar vacas con crisantemos.

La ventaja para Galperin es que siempre hay algún burócrata dócil y bien dispuesto que salve el honor de los sindicatos. Hace meses nomás, en marzo, Mercado Libre firmó un convenio para sus trabajadores de logística con el Sindicato de Trabajadores de Carga y Descarga que impone unaflexibilización laboral totalal mejor estilo brasileño, con vacaciones fraccionadas, banco de horas y otras lindezas. Como dijo otro “libertario”, el fascistoide Espert, en el cierre de su discurso de lanzamiento de campaña: “¡Viva la libertad!”

Irónicamente, Galperin, que acusa a Palazzo y Moyano de “extorsionadores”, aprovechó para ejercer la extorsión él mismo amenazando con mover su filial a Uruguay si le cambian las “reglas de juego” que hoy lo favorecen. Y, por supuesto, este adalid del emprendedorismo y la meritocracia, el campeón de las virtudes del “individuo” al que “nadie le regala nada”, ha recibido de parte del Estado el hermoso regalo deexenciones impositivasprevistas por la “ley de economía del conocimiento”, aprobada hace semanas nomás, que ofrece todo tipo de ventajas fiscales y unatasa reducida del Impuesto a las Ganancias de sólo el 15%, cuando cualquier asalariado de cuarta categoría paga hasta el 35%.

No hace falta decir que Macri se hace pis encima cuando habla de ML y Galperin, empresa y empresario a los que considera verdaderos modelos de lo que debe ser el capitalismo argentino. Por ejemplo, el modelo educativo debe apuntar, según Macri, a generar“un país de 40 millones de emprendedores”. En cuanto a utopismo mesiánico, es casi más libertario que Galperin.

La concepción típica que tienen del trabajo y de los derechos laborales las compañíastecnológicas, cuyos ejemplos internacionales hemos citado, se replica a la perfección en Galperin: al día siguiente de la apertura del flamante Centro de Desarrollo ubicado en Polo Dot, hace menos de un mes, se filtró un audio donde dice que  “cinco empleos son cinco problemas y cien empleos son cien problemas” en Argentina, en referencia a que “generar empleo es muy difícil por el marco laboral”. Por eso es uno de los estandartes de la campaña “por una reforma laboral como en Brasil”, porque el modelo laboral argentino “atrasa 100 años”. Puesel modelo laboral galperiniano atrasa más todavía, porque remite a las relaciones laborales de la Revolución Industrialde la primera mitad del siglo XIX.

Finalmente, habíamos prometido que Galperin llenaba todos los casilleros del ideario “libertario” de las tecnológicas, y eso incluye eltotal desprecio por las formas democráticasporque, vean ustedes, estos genios emprendedores saben más que todos. En uno de sus tuits, Galperin nos ilustra que “la democracia capitalista está muy cuestionada, no anda muy bien. En Estados Unidos anda muy bien perose ha puesto muy autoritaria y eso puede ser necesario. Yo creo que el mundo del consenso no funciona cuando sos una democracia y tenés que rendir examen y negociar contra un sistema autoritario que no tiene que rendir exámenes”. La referencia es a China y su sistema autoritario.(7) Pero lo curioso es que este “liberal”, en vez de considerar el sistema autoritario chino como algo maloper seque debe combatirse, sólo lo ve como un competidor desleal cuyas ventajas hay que anular, si es necesario, adoptando los mismos criterios antidemocráticos del rival.

En este terreno, a no dudarlo, Galperin debe ser de la misma opinión que José Luis Espert: el Estado debe retirarse de un montón de actividades y responsabilidades, incluidas las de bienestar social, pero eso sí, las Fuerzas Armadas, la policía y demás fuerzas de seguridad, por favor, bien surtidas. Casi coincidirían con la definición desnuda del Estado capitalista, según Engels: “Bandas armadas en defensa de la propiedad”.

Tal ha sido el vagaroso itinerario de la rama extrema del liberalismo: desde la supuesta libertad infinita para todos los individuos hasta el atrincheramiento de los empresarios mesiánicos defendidos por las armas del Estado contra las hordas colectivistas. Si alguna vez Lenin definió a los anarquistas como “liberales con 40 grados de fiebre”, estos “liberales libertarios” son, en cambio, fascistas que todavía conservan la cabeza fría. Como vienen las cosas, no falta mucho para que empiecen a calentarse.

Guardar mi nombre, correo electrónico y sitio web en este navegador la próxima vez que comente.",izquierda
5,2024-08-27,Izquierda Web,Agustín Sena,Mercado Libre: Galperín llora intervención estatal contra MODO,https://izquierdaweb.com/mercado-libre-galperin-llora-intervencion-estatal-contra-modo/,"En los últimos años hizo innumerables apariciones públicas para propagar la «doctrina» cloacal de la nueva derecha liberal. El año pasado, Galperínaprovechóla performance electoral de Milei para pedirla vuelta de las AFJPyel saqueo de los recursos naturalesalrededor del debate por YPF.

Esta vez el multimillonario y evasor fiscal más grande del país retomó la primera plana de todos los medios parapedirle al Estado argentino que intervenga sobre el mercadopara favorecer a Mercado Pago ante la billetera competidora MODO.

La denuncia presentada por MercadoLibre ante la Comisión Nacional de Defensa de la Competencia acusa a los 36 bancos tradicionales que integran Play Digital S.A. y son dueñas de MODO de «cartelización» e «impedimento de la libre competencia».

Una acusación cuanto menos irrisoria de parte del dueño de lamayor fortuna del país, tasada por encima de los USD 8.000.000.000por la Revista Forbes. Mercado Libre es además la empresa nacional mejor valorizada en las bolsas del mundo y que no contaba con competencia real en el área de la llamadafintech.

Galperín pasó años y años diciendo que la intervención estatal sobre la economía es el peor cáncer de la sociedad y la causa de todos los problemas económicos del país. Esto mientras se enriquecía parasitariamente a través del condono de subsidios y de la fuga de capitales a paraísos fiscales.

No por nada Galperín fue uno de los nombres centrales en el carpetazo de losPandora Papersalgunos años atrás. De hecho, Mercado Libre recibe 100 millones de dólares anuales ensubsidiosdel Estado argentino. Parece que el verdaderoplanerode este país es Marcos Galperín.

La denuncia presentada por Mercado Libre espuro llanto: Galperín se queja de quepierdecontra la «ley del libre mercado» que tanto defiende. Sucede que no existe tal cosa como la famosa «libertad» del mercado capitalista. Lacompetenciade capitales en búsqueda de ganancia lleva inevitablemente a la concentración de capitales, a la aparición de capitalistas más fuertes quese comena los más débiles. Después de todo, en toda competencia siempre hay un ganador. Ese es el punto. Y los ganadores nunca son los trabajadores. Esa es la ley de la selva que defienden los liberales.

Después de dos décadas lucrando monopólicamente con el e-commerce y lasfintech(con negocios que incluían un altísimo componente de estafa fiscal, explotación laboral y pura especulación financiera), ahora Galperín se desespera porque los bancos tradicionales quierencompetircon él. Son lágrimas de cocodrilo en medio de una disputa entre capitalistas. La única discusión es quien se queda con el mejor pedazo de la torta.

Queda demostrado, de paso, que las bravatas liberales contra «la tiranía del Estado» son puras pavadas y fabulaciones. Son los mismos millonarios liberales que fugan fortunas a paraísos fiscales los que reciben subsidios millonarios y le piden ayuda a papá Estado cuando necesitan saldar disputas entre sí.

Lo que le molesta a los Galperín y a los Milei no es el Estado. El Estado es capitalista y no hace falta más que ver los números para darse cuenta: a los trabajadores se les quitan subsidios para que paguen $500 un pasaje de colectivo mientras Galperín recibe USD100.000.000 anuales. Lo que les molesta son aquellas cosas que la sociedad le haarrancadoal Estado: las jubilaciones, las leyes laborales, los derechos adquiridos como la educación y la salud públicas.

La retórica “liberal” de Galperín no es casual. Su discurso habitual se basa en una simple operación: proponer a los empresarios multimillonarios como las víctimas de una sociedad supuestamente tiranizada por “los impuestos” de un Estado con gigantismo. Esto viene acompañado de una fuerte demonización hacia los supuestos “ñoquis” o “planeros”, como suele decirlo el propio Milei en los medios de comunicación.

Pero no hace falta más que contrastar sus declaraciones con sus cuentas bancarias para ver que se trata de puras mentiras y fabulaciones.

Los empresarios liberales como Galperín nos son víctimas sino parásitos que viven chupando la sangre de la sociedad.La contracara de sus fortunas es la estafa hacia el Estado pero, aún más, hacia los trabajadores que literalmente crean sus fortunas día a día.

No hay más que ver la situación en la que trabajan los empleados de las firmas de Galperín en el país, como los trabajadores deMercado Flex. El servicio de envíos de Mercado Libre emplea a trabajadores en negro, no reconocidos, a los que paga tarifas miserables y ningún tipo de aporte patronal (jubilación, obra social), ni vacaciones o aguinaldo.

Lo mismo sucede en todo el planeta con los trabajadores de la llamadagig economyy dele – commerce, como es el caso de los trabajadores de Amazon, la firma del multimillonario estadounidense Jeff Bezos. La superexplotación es la verdaderaesenciade la supuesta «libertad» de la nueva derecha a nivel mundial.

Guardar mi nombre, correo electrónico y sitio web en este navegador la próxima vez que comente.",izquierda
6,2023-09-29,Izquierda Web,Agustín Sena,"Marcos Galperín, el millonario que vive de los subsidios estatales",https://izquierdaweb.com/el-noqui-mas-rico-del-pais-marcos-galperin-el-millonario-liberal-que-vive-de-los-subsidios-estatales/,"El empresario más rico de la Argentina y dueño de Mercado Libre que estafó al Estado, explota a sus trabajadores y fuga su fortuna a paraísos fiscales. Semblanza de un parásito millonario.

Marcos Galperín, el dueño de Mercado Libre y Mercado Pago, volvió a dar que hablar en las redes sociales tras el anuncio de medidas por parte del BCRA. Se trata de una nueva normativa que obligará a las billeteras virtuales (como Mercado Pago y otras) a dejar de utilizar el sistema Debin y pasar al sistema TIP para realizar transferencias.

La normativa del Banco Central busca evitar estafas digitales, las cuales se han extendido casi en la misma medida que se extendió el uso de las nuevas billeteras virtuales. Sin embargo, la firma de Galperín se quejó públicamente y acusó al Central de “perjudicar a los usuarios”de MP, quienes ahora deberán realizar más clicks que antes para ingresar dinero a sus cuentas.

“Esta medida es un nuevo ataque a la inclusión financiera, va a afectar de forma negativa la experiencia de millones de personas e inducirá al uso del efectivo”declaró la cuenta oficial de MercadoPago a través de la red social X. Pero lo que le molesta a Galperín no son los clicks de más ni el sistema TIP, sino simplemente cualquier tipo de regulación estatal sobre sus millonarias ganancias empresariales.

El CEO de MP se hizo famoso porsus posiciones “liberales” cercanas a las de Javier Milei, por sus bravatas contra toda intervención estatal en el mercado y sobre todo porsu gusto por los paraísos fiscales. Hace más de dos décadas que está radicado en una mansión en tierra uruguaya, donde su fortuna puede retozar libre de todo impuesto. Y está implicado en el carpetazo de losPandora Paperscomo subsidiario de una sociedadoff – shore.

Pero repasemos algunos datos sobre cómo fue recolectada la fortuna de Galperín.

En el año 2011 fue promulgada laLey de Promoción de la Industria del Software.Se suponía que la misma sería un incentivo a la producción nacional de en esta nueva rama de la economía a través de subsidios y beneficios impositivos. Pero resulta que fue aprovechada por un puñado de empresarios para amasar millones a costa del Estado (y de los argentinos de a pié).

Gracias a esta ley, las empresas de Galperín gozaron durante añosde exención total en el pago de Ingresos Brutos, una desgravación del Impuesto a las Ganancias, una rebaja del 60% en impuestos al trabajo y pagó un 7% menos IVAque el resto de los mortales que viven en la Argentina.

Todo a través de una descarada estafa hacia el Estado, ya que la empresa de Galperín ni produce ni exporta software, sino que se dedica a las transacciones comerciales online. Por esa razón el Estado le está reclamando la devolución de 500 millones millones de pesos.

Este tipo de estafas parasitarias contra el Estado argentino le permitió a Galperín amasar la mayor fortuna del país… para luego llevársela a paraísos fiscales fuera de nuestras fronteras. Este año la revista Forbes lo ubicóen el puesto 764 del ranking de las personas más ricas del mundo, conuna fortuna de 3.900 millones de dólares.

La retórica “liberal” de Galperín no es casual. Su discurso habitual se basa en una simple operación: proponer a los empresarios multimillonarios como las víctimas de una sociedad supuestamente tiranizada por “los impuestos” de un Estado con gigantismo. Esto viene acompañado de una fuerte demonización hacia los supuestos “ñoquis” o “planeros”, como suele decirlo el propio Milei en los medios de comunicación.

Pero no hace falta más que contrastar sus declaraciones con sus cuentas bancarias para ver que se trata de puras mentiras y confabulaciones.

Los empresarios liberales como Galperín nos son víctimas sino parásitos que viven chupando la sangre de la sociedad.La contracara de sus fortunas es la estafa hacia el Estado pero, aún más, hacia los trabajadores que literalmente crean sus fortunas día a día. No hay más que ver la situación en la que trabajan los empleados de las firmas de Galperín en el país, como los trabajadores deMercadoFlex. El servicio de envíos de MercadoLibre emplea a trabajadores en negro, no reconocidos, a los que paga tarifas miserables y ningún tipo de aporte patronal (jubilación, obra social), ni vacaciones o aguinaldo.

Lo mismo sucede en todo el planeta con los trabajadores de la llamadagig economyy dele – commerce, como es el caso de los trabajadores de Amazon, la firma del multimillonario estadounidense Jeff Bezos.

No contento con estafar al Estado, saquear el fruto del trabajo de sus empleados y llevarse sus millones afuera del país, Galperín dedica su día a día a predicar la doctrina del parasitismo empresarial cada vez que tiene oportunidad.

Por si sigue haciendo falta alguna prueba de que estos empresarios son enemigos de los trabajadores, no hay más que ver sus declaraciones respecto de las jubilaciones.

“Qué lindas épocas cuando cada uno de nosotros tenía nuestros ahorros jubilatorios en nuestras propias cuentas privadas y podíamos ver la evolución de nuestros ahorros todos los meses”dijo en Twitter / X en referencia alas nefastasAFJPque se implantaron en los años del menemismo. Esas “lindas épocas” en las que un puñado de empresas privadas saqueó los aportes jubilatorios de millones de personas para hacer negocios a costa del Estado y de los trabajadores. De nuevo, la única definición posible esparasitismo.

Galperín también bancó la estafa del resarcimiento a los buitres en el caso dela expropiación de YPF.“Los expropiados hicieron el mejor negocio de la historia”dijo cuando se anunció que el Estado argentino debería pagar casi 5.000 millones de dólares a los ex accionistas de YPF. “Vende patria” es un calificativo demasiado benevolente para parásitos de semejante envergadura.

Guardar mi nombre, correo electrónico y sitio web en este navegador la próxima vez que comente.",izquierda
7,2024-09-09,La Nación,,Marcos Galperin: “La economía se está recuperando”,https://www.lanacion.com.ar/economia/negocios/marcos-galperin-la-economia-se-esta-recuperando-nid09092024/,"El fundador y CEO de Mercado Libre,Marcos Galperin, dijo que la economía argentina se está recuperando.“Somos optimistas sobre la economía en Argentina en el mediano plazo. Eso nos ha llevado a invertir nuevamente”, dijo el empresario, citando un aumento en el crédito y una desaceleración de la inflación mensual que ayudaron a impulsar la confianza del consumidor y las ventas.

En una entrevista con la agencia Reuters, Galperin destacó las políticas a favor del mercado introducidas por el nuevo presidente libertario Javier Milei, que la semana pasada visitó la empresa para celebraruna nueva inversión de 75 millones de dólaresen un centro logístico. Y compartió un dato esperanzador: “En el segundo trimestre vimos un crecimiento en términos de transacciones y artículos vendidos. Así que la economía se está recuperando”. De todas formas, Galperin dijo que la recuperación llevará tiempo.

Consultado sobre el crecimiento de Mercado Libre, Galperin, dijo que la compañía apenas está comenzando.Dijo que quiere triplicar el número de usuarios, ampliar los pagos electrónicos, aprovechar la inteligencia artificial (IA) y utilizar drones para llegar a más compradores.

La compañía ofrece cada vez más préstamos a consumidores y vendedores en su plataforma, lo que a su vez impulsa las ventas. “Tenemos mucho espacio para seguir creciendo en el comercio electrónico”, dijo, y agregó que quiere aumentar los usuarios desde los 100 millones actuales a 300 millones, aunque no especificó el plazo.

“En nuestra plataformafintech, Mercado Pago, en realidad apenas estamos arañando la superficie de todo lo que podemos hacer.Creo que Mercado Pago tiene enormes oportunidades por delante”, agregó.

MercadoLibre es la empresa cotizada más valiosa de la región, con una capitalización de mercado demás de 100.000 millones de dólares. El precio de sus acciones subió aproximadamente un 1.600% en diez años y un 26% este año.Galperin, sin embargo, dijo que no estaba “perdiendo mucho sueño” por el precio de las acciones, sino que se concentraba en hacer crecer el negocio en los mercados clave de Brasil, México, la Argentina y, cada vez más, Chile. Quiere expandirse orgánicamente en lugar de mediante adquisiciones. “No nos gusta comprar cuota de mercado, nos gusta construirla”, afirmó.

MercadoLibre duplicó sus ganancias en el último trimestre respecto al año anterior, lo que ayudó a impulsar su valoración por encima del productor de energía estatal brasileño, Petrobras, en agosto.

El nuevo centro de almacenamiento anunciado la semana pasada se levantará dentro del predio del Mercado Central, en el partido de La Matanza, donde ya funciona otros de los mega depósitos de Mercado Libre.En total, contará con 56.000 metros cuadrados y permitirá duplicar la capacidad de procesamiento de envíos que realiza la compañía, que pasará de 200.000 a 400.000 paquetes por día. Su inauguración está programada para fines de 2025 y la inversión implicará la incorporación de más de 2300 personas, que se sumarán a los 12.000 que hoy trabajan en Mercado Libre.

“Se trata de una inversión de largo plazo, que no está pensada mirando lo que puede pasar en el próximo semestre, sino para los próximos cinco o seis años. Además, estamos convencidos que el e-commerce en la Argentina tiene muchísimo espacio para crecer, especialmente en categorías como los supermercados y mundo farmacéutico”, señaló Ariel Szarfsztejn, presidente de Commerce de Mercado Libre, durante el anuncio.

© Copyright2026SA LA NACION | Todos los derechos reservados. Dirección Nacional del Derecho de Autor DNDA - EXPEDIENTE DNDA (renovación) RL-2023-95334553-APN-DNDA#MJ.Queda prohibida la reproducción total o parcial del presente diario.

Protegido por reCAPTCHA:CondicionesPrivacidad

Miembro de GDA. Grupo de Diarios América",derecha
8,2024-10-04,La Nación,José Del Rio,"Entrevista exclusiva. Marcos Galperin anticipa sus próximos pasos, desmiente un salto a la política y explica por qué confía en el futuro de la Argentina",https://www.lanacion.com.ar/economia/negocios/la-formula-de-mercado-libre-para-convertirse-en-la-empresa-mas-valiosa-de-america-latina-nid04102024/,"Fueron solo tres minutos. Marcos Galperin estaba solo frente a un hombre que se había ubicado en el pupitre de al lado. El aula de Stanford esperaba silenciosa a los alumnos que se sumarían a la clase de Jack Macdonald, uno de sus profesores favoritos, porque siempre traía a los referentes más importantes del mundo de los negocios a nivel global. Era marzo de 1999 y faltaban solo dos meses para que el creador de Mercado Libre se graduara.

“Hola soy Warren Buffett, solo que me disfracé de John Doe”, le dijo sonriente el oráculo de Omaha y uno de los inversores más importantes del mundo a un Galperin que lo había desconocido. Una ironía americana de lo que sería un “Juan Pérez” vernáculo. No existía por entonces Google images ni buscadores de fotos, por lo que la ficha le cayó un rato después, cuando todos sus compañeros se le pegaron al hombre que tiene a título personal tres veces las reservas brutas de la Argentina como fortuna.

Una vez que terminó la clase, Galperin se le acercó a Macdonald y le contó que había perdido una oportunidad de oro para “venderle” la idea de Mercado Libre, por entonces un proyecto al que 19 de 20 compañeros de clase no le veían viabilidad, pero en el que creía firmemente. Jack Macdonald, que a lo largo de sus 50 años de carrera enseñó a 10.000 estudiantes de MBA y educación ejecutiva, le dio una respuesta más que alentadora. “No te preocupes. Buffett no está invirtiendo en América Latina. El que sí lo hace es John Muse, que vendrá a nuestra clase”, afirmó.

La bala de plata para conseguir un inversor no se le escaparía esta vez. De ahí que junto a Marcelo Benítez e Ignacio Giraldo, dos compañeros de clase de la Universidad de Stanford, se convirtieron en los encargados de acompañar a Muse de regreso a su avión privado.

Galperin había practicado el momento 150 veces. Pero sus compañeros no lo dejaban emitir bocado. Fue así como intencionalmente confundió el camino unos minutos hasta que finalmente le pudo describir su plan al que tiempo después sería uno de los titulares del fondo de inversión Hicks, Muse, Tate & Furst, y que por entonces ya tenía la mira puesta en Latam. En este nuevo capítulo deHacedores que inspirandeLA NACION+ EY, Galperin cuenta su historia. De los inicios a convertirse en la compañía más valiosa de América latina, con una comunidad de 1,2 millones de vendedores.

-Me di cuenta que no iba a llegar a contarle todo y él nunca me había dicho que iba en un avión privado por lo que me perdí para ganar un poco de tiempo y pude contarle el proyecto. Entonces cuando él se mostró súper entusiasmado, la verdad es que la conversación fue espectacular, y se embaló y me preguntaba más y más y viste cómo es Estados Unidos, tomaste la salida equivocada, son 15 minutos para retomar y bueno, con eso logré poder contarle todo.

Es un mito total que quiera ser presidente. Tampoco quiero entrar a la política. Ni sé de dónde salió esa versión”

-¿Cuándo te dio el sí para la inversión inicial?

-Cuando llegamos al aeropuerto, nos bajamos para despedirlo, se subió al avión y nos quedamos ahí. Y de golpe baja, y ya en medio del ruido del avión me agarra y me dice al oído: me quedé fascinado con tu idea, avísame cuando la lances que quiero invertir. Y se va. Mis compañeros se quedaron mudos.

-Si alguien me dice que no, no es que digo sí. Pero si estoy muy convencido, cuanto más me dicen que no, más energías me dan porque ahí está la oportunidad. La oportunidad se produce cuando muchos creen que va a pasar algo y otros creen que va a pasar lo contrario. Pero uno está del lado correcto.

-¿Cuánto hay de esfuerzo y cuánto de estómago?

-Un 50% de estómago y un 50% de esfuerzo.

No miro los faveos ni los haters en las redes sociales. Me pasa como con Mercado Libre, cuando las cosas van muy bien no me pongo muy contento y cuando las cosas van muy mal no me pongo muy triste. No me cambia ni para un lado ni para el otro.”

-La suerte siempre está. Hay muchas situaciones que pasaron que fueron suerte, por ejemplo, en un momento nosotros hubiésemos vendido la compañía y no lo hicimos porque el comprador se arrepintió. La realidad es que nosotros habíamos accedido a venderla. Y bueno,entonces la suerte es fundamental. Pero si no hay esfuerzo e intuición que nunca viene de la nada, sino de estudiar mucho, o sea, de saber, de estar viendo todo lo que pasa en el mundo, en todas las industrias relacionadas y decir yo creo que va a ir por acá, las cosas no ocurren.Yo no tengo la intuición de si va a salir colorado o negro en el casino, esa no sirve. Después la suerte es que pasen accidentes como estos, que ibas a ir por un lado y realmente por suerte terminaste yendo para el otro o te encontraste con una persona.

-¿Qué significó para ustedes la llegada de eBay al capital de la empresa?

-Fue un momento bisagra. Uno de los fundadores de eBay, Jeff Skoll, era un exalumno de la Escuela de Negocios de Stanford, y en ese momento la empresa era como hoy sumar a Google más Amazon más Facebook. Era la más importante de tecnología por lejos y, por lo tanto, una enorme oportunidad. Ellos habían comprado una empresa en Europa y tenían una subsidiaria en Brasil y dijeron: vamos a enfocarnos en Europa y vamos a buscar un socio para que maneje esta subsidiaria en Brasil y sea nuestro socio en América Latina. Y ya para ese momento que era 2001, de los 50 que habíamos empezado en América Latina, quedaban básicamente cuatro y bueno, eso fue un gran espaldarazo.

-Ellos adquirieron 20% del capital que por entonces era de ustedes.

-Sí, compraron el 20%. No nos pagaron ni un dólar, pero nos dieron esa subsidiaria que tenían en Brasil, que era ínfima, pero nosotros con tal de asociarnos con eBay, hacíamos cualquier cosa.

-De ese momento a hoy muchas cosas cambiaron. Ya tienen 75.000 empleados y hacen 334 transacciones por segundo. ¿Cuánto te cuesta delegar?

-Me cuesta poco y muchísimo a la vez, es decir, yo tengo un equipo increíble y le delego muchísimo. Imagínate que hoy en día en Mercado Libre es ínfimo lo que yo puedo hacer en términos prácticos. Si vos ves la cantidad de cosas que se hacen en una semana y cuánto hago yo, es ínfimo lo mío. Por otro lado, es como que sé todo lo que está pasando, estoy al tanto de todo y de las cosas que me parecen relevantes. Me meto todo lo que sea necesario hasta que me sienta cómodo con ese tema, o con ese problema, o con ese asunto. Pero, entonces, creo que delego muchísimo.

-¿Cuál es el balance que implica ser manager?

-Es como ser padre, yo siempre digo, son solamente dos cosas, mucho amor y muchos límites.El tema es cuándo lo vas manejando y cada hijo es distinto. Lo mismo pasa con delegar. A una gente le podés delegar más, a otra le podés delegar menos, pero después en ciertos momentos o con algunos temas tenés que estar más encima.

-En 2003 nace Mercado Pago que fue otro hito y un cambio de paradigma…

-Mercado Pago está en el plan original de Mercado Libre, que tengo escrito. Está Mercado Pago y todo cómo iba a funcionar. Es unbusiness planque lo escribí en Stanford.

-Lo tengo en mi casa en una carpeta. Son muchas hojas. Pero Mercado Pago está en el plan original y era una de las formas que nos imaginábamos de poder cobrar nuestra comisión, que vos le pagabas al vendedor, pero Mercado Libre retenía ese dinero y solamente le iba a dar los fondos al vendedor cuando el comprador decía: “recibí el producto y está ok”. Entonces ahí Mercado Libre le liberaba el dinero al vendedor menos la comisión. Era una parte clave. Lo que pasa es que nos tomó un tiempo poder llevar todo a cabo. Vos me preguntabas si nos imaginábamos que íbamos a ser así de grandes y yo creo que llegué a contestarte que sí, que pensábamos que íbamos a ser tan grandes. Pero no nos imaginábamos lo difícil que iba a ser construir esto.

-Porque es muy difícil.En América Latina es muy difícil hacer cosas. Por eso yo admiro tanto a los emprendedores y me gusta tanto juntarme con ellos, es como dar vida y es muy difícil dar vida, es muy complejo.Hacer que algo exista, que funcione y que sea sustentable es realmente complejo. Solamente la gente que lo hizo puede entender lo difícil que es. Por otro lado, por suerte uno no sabe lo difícil que es, porque si ya de entrada te dicen todo lo que va a costar, de golpe decís no, esto va a ser muy complicado. De hecho, una infinidad de gente, no solamente los 19 compañeros míos de Stanford, la gran mayoría, inversores, todos te dicen que no va a funcionar.

-¿Qué le aconsejás a un chico que te pregunta qué debería ser cuando sea grande?

-Para mí lo más importante es saber aprender, si vos sabés aprender, tenés un cerebro flexible y te vas a poder adaptar. Hace 10 o 15 años, yo te decía es fundamental saber programar y ahora empiezan a aparecer estos robots que programan realmente muy bien o, al menos, una parte importante del programa te lo puede hacer el robot. Tal vez todavía no programan perfecto, pero digamos que un programador que sabe usar estos robots bien, es 10 veces más productivo que uno que no tiene acceso a esta herramienta o que no la sabe usar bien.

-La inteligencia artificial que hoy atraviesa todo, ¿cómo la ves? ¿Como una amenaza o una oportunidad?

-Las dos cosas. Para la gente que la rechaza es una amenaza. Es decir, a vos no te va a dejar sin trabajo un robot de inteligencia artificial, te va a dejar sin trabajo alguien que entendió la inteligencia artificial y la está usando y vos no la estás aplicando. Entonces creo que es una oportunidad enorme, pero todos estos cambios generan oportunidades y amenazas.

-Hoy con Mercado Libre están creando 27 nuevos puestos de trabajo por hora. ¿Qué te genera?

-Un orgullo enorme. Estoy muy contento con lo que hemos logrado. Creo que donde estamos es una fracción ínfima de donde vamos a estar en 20 años. O sea, creo que cuando miro para adelante veo tantas oportunidades, tanto más para hacer, pero estoy muy contento con lo que hemos logrado hasta acá y sobre todo con el equipo que hemos construido.

-¿Tenés anotada la estrategia de los próximos 20 años?

-La tengo acá. (Señala su cabeza) Hoy la educación está toda online, te podés meter a YouTube y tener acceso a los mejores profesores del mundo, de Stanford, de Harvard y ver las clases gratis, están ahí. El tema es qué haces vos después con ese conocimiento. Primero es ser proactivo y animarte a la educación de esa manera es una posibilidad. Y después qué haces con ese conocimiento. Entonces para mí saber aprender es fundamental porque creo que todo el mundo va a tener acceso al conocimiento. El tema es qué haces con ese conocimiento.

-Hubo versiones de que te querías meter en política, que querías ser presidente de la Nación, ¿mito o realidad?

–Es un mito total, ni siquiera sé de dónde salieron esas versiones.

–¿O sea que no te interesa entrar en política?

–Hoy en las redes sociales sos vos de manera explícita. ¿Te trae costos? ¿Te trae retornos? ¿Por qué lo decidís?

–Bueno, como bien sabés no me gusta salir en notas. A mílo que me gusta de las redes sociales es que siento que es muy similar a Mercado Libre. Nosotros democratizamos el comercio.Cuando decimos democratizamos el comercio es realmente, que había un tipo en el interior de Brasil, o de México, o de la Argentina, o de Chile, o de Uruguay, que nunca tenía acceso a los productos. Tenía que venir a la Capital, o pedirle a su primo, para que le mande la raqueta de tenis, las zapatillas, o la impresora para su negocio, o lo que fuere. Y ahora todo el mundo en América Latina puede comprar los mismos productos, al mismo precio, con envío gratis, financiado. Fue una democratización total del comercio, del lado del comprador y del lado del vendedor, donde pequeños comerciantes pueden competir mano a mano. En cada país había dos o tres familias que dominaban el comercio y lo mismo pasaba en las provincias. Tenían las cadenas y dominaban el comercio. Y ahora el comercio se democratizó. Hoy hay dos millones de personas que viven de vender en Mercado Libre.

–¿Por qué elegís las redes sociales?

–Tienen esta capacidad de que cualquier persona pueda emitir su opinión. Y si su opinión es relevante, más gente lo va a seguir o no. Pero todos tienen la capacidad de dar su opinión de distintas cosas. Y ese fenómeno a mí me parece muy democratizador. Lo mismo que hemos hecho en el comercio y en las finanzas. Y por eso es que me gusta participar de ese fenómeno.

–¿Te preocupan ahí loshaterso losfavs?

–No los miro. La verdad es que tengo muchos seguidores y no puedo estar todo el día mirando. Así que me pasa como con Mercado Libre, cuando las cosas van muy bien no me pongo muy contento y cuando las cosas van muy mal no me pongo muy triste, entonces no me cambia ni para un lado ni para el otro.

A mí Elon Musk me parece increíble, hace mucho tiempo que me parece la persona más increíble, yo te decía que no soy cholulo de los empresarios, pero sí de Elon Musk, soy supercholulo, me parece una persona fascinante”

–Hace pocos días retuiteaste a Elon Musk cuando hablaba que quería invertir en la Argentina…

–A mí Elon Musk me parece increíble, hace mucho tiempo que me parece la persona más increíble, yo te decía que no soy cholulo de los empresarios, pero sí de Elon Musk, soy supercholulo, me parece una persona fascinante, me parece superimportante lo que ha hecho en X (ex-Twitter) porque las otras redes sociales han sido muy censuradas y la gente no lo sabía, entonces ciertas opiniones o ciertas ideas, por ejemplo cuando vino el Covid y había gente que decía tal vez las vacunas no están probadas o tal vez el virus vino de China, eran cancelados y Twitter era tal vez el lugar que más censuraba. A partir de que comprobé que se ha convertido en un lugar donde las opiniones pueden, siempre y cuando respeten la ley de cada uno de los países, ser dichas sin censura del que es dueño de la plataforma, me parece espectacular todo lo que está haciendo. También lo que está haciendo con los cohetes es una locura total, está en otro planeta literal.

–Te propongo un ejercicio imaginario. Te doy 100% de las acciones de la Argentina, ¿en qué las invertirías?

–Te diría 100% en el sector privado, tal vez mitad en lo que es el agro con agtech, toda la parte de tecnología agropecuaria, creo que ahí la Argentina tiene una posibilidad enorme, lo que ha hecho Israel en ese en ese segmento es una locura y yo creo que la Argentina podría tener un rol similar en todo lo que es innovación en el mundo agrícola ganadero. Después toda la parte de minería, energía renovable y no renovable, pesca, hay mucha riqueza y potencial. La oportunidad es enorme. Creo que la infraestructura es un déficit muy importante y no solamente hablo de rutas, puertos, aeropuertos, sino también hablo de educación.

–Creo que la educación puede ser privada, si querés el Estado puede subsidiar a la gente que menos tiene para que acceda a esa educación privada, pero no necesariamente el Estado tiene que tener los profesores y las aulas, porque si hoy la educación privada funciona, funciona superbién.

–¿Es complementaria a la educación pública?

–Hoy en día necesariamente es complementaria, porque la enorme mayoría de la gente estudia en la educación pública, no hay capacidad para que el sector privado eduque a toda la gente, no tiene ni siquiera la capacidad, pero hablo como modelo de largo plazo. Entonces te decía infraestructura y después yo pondría mínimo un 10% en todo lo que es emprendedurismo, todo lo que son nuevas ideas, innovación, creo que hay un enorme potencial en todo lo que es biotecnología, medicina, entre otros.

Cuando uno ve los déficits fiscales que hay en todos los gobiernos del mundo, tener una moneda que los gobiernos no puedan devaluar como es el bitcoin, para mí es algo absolutamente fundamental y además creo que es una moneda que le da libertades a las personas y a los individuos independientemente de los gobiernos””

–Criptomonedas: sí o no… ¿qué lugar ocupás en esa grieta?

–(Se ríe) ¿Es una grieta? Yo estoy absolutamente en el lugar que creo quelas criptomonedas van a tener un rol muy importante en el futuro de las finanzasde las personas, tuve la suerte de invertir temprano porque habíamos mandado un colega de Mercado Libre a investigar nuevas tecnologías a Estados Unidos y para no pagarle una oficina le alquilamos un asiento a la oficina de Wences Casares y Micky Malka (dos emprendedores seriales) y rápidamente lo contagiaron y terminamos muchos de nosotros en 2013 invirtiendo en bitcoin. Yo creo quecuando uno ve los déficits fiscales que hay en todos los gobiernos del mundo, tener una moneda que los gobiernos no puedan devaluar como es el bitcoin, para mí es algo absolutamente fundamental y además creo que es una moneda que le da libertades a las personas y a los individuos independientemente de los gobiernos.Eso es súper valioso para la sociedad, para la gente.

–La batalla judicial de Mercado Pago vs. los bancos, los bancos vs. Mercado Pago. ¿Cuánto te involucras en eso y qué opinión tenés?

–Me involucro mucho y opino que está bueno, que estamos hablando de oportunidades y desafíos y cuando hay cambios paradigmáticos se generan esas oportunidades y desafíos y creo que es sano para la sociedad. Es sano para todos que pasen esas cosas.

En la Argentina invertiría un 100% en el sector privado, tal vez mitad en lo que es el agro con agtech, también en minería y energía, en infraestructura y no solamente hablo de rutas, puertos y aeropuertos sino también de educación”

–Hace pocos días vino a las oficinas de Mercado Libre el presidente Javier Milei, ¿qué balance haces de su visita?

–Obviamente para nosotros fue un honor que nos visite el presidente de la nación. Me sorprendió mucho la gente, los empleados, la pasión que mostraron. Yo me quedé muy impresionado.O sea, realmente vi a los chicos jóvenes con muchas ganas de acercarse, traían sus libros para que él se los firme. Me sorprendió y obviamente el discurso que hizo diciendo que los emprendedores, la gente que hace, deberían tener un rol muy importante en la sociedad, es un discurso que comparto y que además para mí me sentí muy honrado de que diga eso en nuestra casa. Así que es un balance superpositivo.

–Te voy a pedir unas definiciones en un tuit. La Argentina hoy.

–Tal vez ahora recomendaría la biografía de Elon Musk. Antes fueCien años de soledad, que me encanta. Es un libro que leí en un momento muy especial de mi vida. Yo creo que eso es lo que pasa con los libros. Depende de qué momento estás atravesando cuando los leés es cuánto te marcan.

–Me gustaBuilt to LastyGood to Great, que son de Jim Collins. Y después hay uno que esInnovator’s Dilemma, que es más duro de leer, pero es muy importante porque justamente habla todo el tiempo de cómo las innovaciones generan oportunidades y desafíos y cómo hace una empresa para adaptarse a todas estas innovaciones.

–Un grupo de personas con poder.

–Algo mejor que lo que tenemos hoy.

–Algo peor que lo que tenemos hoy.

–Creo que en general la sociedad... creo no, indudablemente, la sociedad ha bajado la pobreza, ha incrementado la capacidad de vivir del ser humano, ha bajado la desigualdad, le ha dado muchas mejores herramientas a mucha más gente. Es impresionante cuando uno mira los últimos 100 años todo el valor que se ha creado, cómo ese valor se ha distribuido en cientos de millones de personas. La gente se olvida lo mal que se vivía. Obviamente la gente se olvida, ninguno estábamos ahí, pero no es difícil enterarse cómo se vivía hace 400 años en Europa. Realmente se vivía muy mal. Cualquier enfermedad te mataba, no había anestesia, cualquier dolor, imagínate lo que era estar enfermo. Hoy se vive realmente muchísimo mejor. Obviamente tenemos problemas, pero los hemos ido solucionando y creo que en el futuro los vamos a seguir mejorando y lo vamos a seguir solucionando siempre y cuando vayamos por el camino de las libertades individuales.

–¿Qué rol debe tener la Justicia?

–¿Te sorprendió que fallaran a favor de Mercado Libre en la pelea por la distribución? (N. de R.: en un fallo de 19 páginas, la jueza María Alejandra D’Agnillo rechazó considerar nulo el acuerdo que selló Mercado Libre con el sindicato de Carga y Descarga y dejó afuera un reclamo judicial de los camioneros de Moyano).

–¿Cuánto te dio y cuánto te restó la Argentina?

–Me dio muchísimo, no me restó nada. Me dio a mi mujer, me dio a mis hijos, me dio a mis amigos. Fue una parte superimportante de Mercado Libre. Empezamos acá. Me dio todo.

© Copyright2026SA LA NACION | Todos los derechos reservados. Dirección Nacional del Derecho de Autor DNDA - EXPEDIENTE DNDA (renovación) RL-2023-95334553-APN-DNDA#MJ.Queda prohibida la reproducción total o parcial del presente diario.

Protegido por reCAPTCHA:CondicionesPrivacidad

Miembro de GDA. Grupo de Diarios América",derecha
9,2022-04-29,La Nación,,"Marcos Galperin: “Se fueron muchos empresarios, y eso es lo más triste de lo que está pasando en la Argentina”",https://www.lanacion.com.ar/politica/marcos-galperin-se-fueron-muchos-empresarios-la-gente-esta-cansada-del-cambio-de-las-reglas-nid29042022/,"Marcos Galperin, fundador Mercado Libre, dio una entrevista aldiario británicoFinancial Times (FT)en el que expuso cuáles fueron los motivos que lo llevaron a radicarse en Uruguay y analizó la política argentina:“La gente está cansada del cambio de reglas”.

En la charla con el diario económico, Galperin aseguró:“Se fueron muchos empresarios, y eso para mí es lo más triste de lo que está pasando en Argentina”. Además, cuestionó la creciente presión impositiva y las regulaciones cambiantes: “La gente está cansada del cambio de las reglas”.

Durante la entrevista con la periodista Lucinda Elliott, que viajó a Buenos Aires, Galperin fue entrevistado por videollamada desde su casa en Montevideo, Uruguay.El prestigioso medio británico recordó su salida de la Argentina “en diciembre de 2019, pocas semanas después de que el gobierno peronista de izquierda obtuviera una victoria electoral”.

Según le recordó el empresario al FT, la razón para mudarse a Uruguay fue “personal”, y el cambio de gerente fue un mero tecnicismo:“Argentina es un lugar muy formal y altamente regulado. . . como presidente, tenés que estar radicado físicamente en el país.Todavía dirijo las operaciones diarias [desde Uruguay, como director ejecutivo]”.

Elliott también citó el análisis de Santiago Sena, profesor de IEEM Business School en Montevideo, quien opinó quela administración de Alberto Fernández tiene una relación “ambivalente”con el sector privado.

Es“como una pareja que tiene que vivir junta cuando se pierde el amor”, le dijo Sena al medio británico. “Inevitablemente, tal situación crea tensión con Mercado Libre, la empresa más valiosa de la Argentina.Varios ejecutivos de empresas en Buenos Aires dicen que Galperin está siendo ‘perseguido políticamente’”, agrega el artículo.

Según Elliott, “el enfoque de Galperin va mucho más allá de cualquier disputa legal en la Argentina: prefiere comparar su empresa con el grupo energético intercultural Royal Dutch Shell”.

“Tenemos nuestra sede en la Argentina, nuestra gerencia es en parte brasileña y nuestro negocio es completamente latinoamericano”, señaló el creador de Mercado Libre.

El fundador de Mercado Libre “cruzó el charco” esta semana y llegó hasta Bariloche para participar del exclusivo foro de empresarios que se desarrolló en el selecto hotel Llao Llao. Entre los oradores que tuvo las dos jornadas del foro, estuvieron el expresidente Mauricio Macri y el ministro de Economía, Martín Guzmán.

Durante su exposición, según pudo reconstruirLA NACION,Macri no confirmó su postulación a presidente, pero tampoco le cerró la puerta. “Hoy me siento más cómodo al hacer lo que estoy haciendo, que es fortalecer Juntos por el Cambio y darle una coherencia, una unidad. Estamos trabajando el para qué queremos volver”, se limitó a decir, luego de almorzar ayer en una mesa redonda, que compartió junto con Elsztain, Guibert Englebienne (Globant), Carlos Miguens (San Miguel), Agustín Otero Monsegur (San Miguel), Federico Braun (La Anónima), Verónica Andreani y Andy Freire (SoftBank).

En el salón a Macri lo escucharon de cerca también otros empresarios de todas las edades: desdeGalperin, hasta Máximo Cavazzani, creador del juego Preguntados y CEO de Etermax. También estabanMartín Migoya (Globant), Roberto Murchison (Grupo Murchison) y Alberto Arizu (Luigi Bosca), entre otros 70 líderes, que acompañaban su comida con agua o alguna gaseosa, pero sin alcohol. En el buffet se ofrecía una gran variedad de platos, entre los cuales se destacaba latrucha en salsa de azafrán.

Esta mañana fue el turno de Guzmán, que en medio de unraid de encuentro con empresarios,llegó al hotel Llao Llao con una comitiva de al menos siete funcionarios para participar del exclusivo foro empresarial. Lo acompañabanMelina Mallamace, jefa de Gabinete;Roberto Arias, secretario de Política Tributaria;Sergio Chodos, director ejecutivo por Argentina ante el FMI;Fernando Ruete, subsecretario de Relaciones Institucionales, y su equipo de comunicación.

Con Galperin entre los presentes, el ministro hizo una presentación de 40 minutos, donde expuso las oportunidades que tiene la Argentina, sobre todo en el sector energético. Ahí recibió los primeros aplausos y comenzó la ronda de preguntas.El impuesto a la “renta inesperada” fue la consulta que más se realizó. El primero en formularla fue Miguens.Los empresarios le sugirieron que si se baja la presión tributaria, llegarán más inversiones, según contó uno de los presentes.El ministro contestó que los balances de las empresas estaban a la vista y que eso no había ocurrido durante la gestión anterior. “Nos les fue bien con ese modelo”,dicen que respondió.

© Copyright2026SA LA NACION | Todos los derechos reservados. Dirección Nacional del Derecho de Autor DNDA - EXPEDIENTE DNDA (renovación) RL-2023-95334553-APN-DNDA#MJ.Queda prohibida la reproducción total o parcial del presente diario.

Protegido por reCAPTCHA:CondicionesPrivacidad

Miembro de GDA. Grupo de Diarios América",derecha
10,2024-02-15,La Nación,,El cruce entre Galperín y Rial por los dichos de Milei sobre subsidios y exenciones impositivas,https://www.lanacion.com.ar/economia/negocios/el-cruce-entre-galperin-y-rial-por-los-dichos-de-milei-sobre-subsidios-y-exenciones-impositivas-nid15022024/,"El fundador de Mercado Libre,Marcos Galperín, mantuvo un breve pero tenso intercambio con el presentador de televisión y radio,Jorge Rial,a raíz de declaraciones vertidas por el presidenteJavier Mileien una entrevista que brindó enLN+. En diálogo con Luis Majul, Pablo Rossi y Esteban Trebucq, el mandatario reconoció quelas exenciones impositivas-el Estado otorga un tratamiento impositivo preferencial a una empresas, organizaciones y personas para promover su desarrollo-son una clase de “subsidio”, dichos que fueron replicados por Rial a modo de chicana contra el empresario que actualmente tiene residencia en Uruguay.

A la luz del conflicto entre el Ejecutivo y los gobernadores por el recorte de fondos para las provincias, Milei opinó ayer:“¿Por qué Nación tiene que estar financiándolos permanentemente? Que bajen los recitales”. “Cuando Córdoba hace el Cosquín Rock, que es privado, en subsidios...”, dijo antes de ser interrumpido por Rossi, quien aclaró:“Exenciones impositivas”.“Por eso, en subsidios”, reafirmó el jefe de Estado. Y completó: “En subsidios [el gobierno de Córdoba] dio $1000 millones... Todos los artistas que estuvieron ahí cobraron del Estado. ¿Están dispuestos a financiar esto cuando hay dos tercios de chicos pobres?”.

Rial decidió reflotar aquel fragmento de la entrevista televisiva y advirtió de modo irónico:“Pero se va a enojar Marcos Galperín”. De esa manera, el conductor deslizó también que MELI es una de las compañías argentinas que recibe rebajas impositivas del Estado,algo que el mismo Galperín reconoce.

El fundador de Mercado Libre optó por recurrir a la chicana para contestar a Rial.“¿Cómo va crack? ¿Vos también compraste acciones en Mercado Libre?”, escribió el empresario argentino de 52 años enX, en clara referencia ala declaración jurada de la exvicepresidenta Cristina Kirchner.

Cómo va crack? Vos también compraste acciones de MELI?! 😘https://t.co/f30t2pbr6l

Del documento, que recoge cifras del ejercicio 2023, se desprenden algunas curiosidades. Según detalla el informe televisado porLN+, la dos veces presidenta compró en el pasado mes de octubre una serie de valores en la bolsa, principalmente de las empresas Coca-Cola, Apple y Mercado Libre.Para el caso particular de la empresa que fundó Galperín en 1999, la exvicepresidenta adquirió 1667 valores por $23.858 cada una, totalizando $39.771.286.

La primera reacción de Galperín ante este dato fue relativamente simple: cinco emoticones de risa seguidos, uno atrás del otro. Después amplió, como respuesta a otra publicación:“Con la de ellos son capitalistas. El socialismo es siempre con la ‘tuuuuuuuuya contribuyeeeeeente’”.

Con la de ellos son capitalistas. El socialismo es siempre con la ""tuuuuuuuuya contribuyeeeeeente"".

En enero de este año, Galperín se pronunció en defensa dela implementación de la Ley de Economía del Conocimiento (LEC)"" class=""com-link break-word"" data-mrf-recirculation=""n_link_parrafo"">la implementación de la Ley de Economía del Conocimiento (LEC), que otorga beneficios a las empresas tecnológicas y por la cual Mercado Libre recibió rebajas impositivas por valor total de US$140 millones.“A la casta le cuesta verla, pero justamentela LEC demuestra que cuando reducís el peso del Estado, aumenta la generación de empleo”, destacó Galperin. Y ratificó: “Debería extenderse a toda la economía”.

La observación del fundador de MELI surge de las presentaciones que desde 2007 la propia compañía hace ante la Comisión de Valores de EE.UU. (SEC, por sus siglas en inglés), en las que destacóla importancia que tuvieron en su desempeño los beneficios obtenidos en base a la LEC. Según los balances, en 18 meses de 2022 y 2023, Mercado Libre obtuvoganancias totales por US$1139 millonesen la Argentina, con lo que los beneficios fiscales representaron, por lo menos, un12% de ese resultado.

A la casta le cuesta verla, pero justamente la LEC demuestra que cuando reducís el peso del Estado aumenta la generación de empleo. Debería extenderse a toda la economía.Agrego dato: El % de Arg en el equipo de tecnología de MELI año 2019 > 95% ... año 2023 < 30%. Viva Perón ✌️

ElRégimen de Promoción de la Economía del Conocimiento(Ley 27.506)-que tuvo modificaciones durante la gestión de Alberto Fernández “con el fin de lograr una norma más progresiva, equitativa, federal y solidaria”-promueve mediante incentivos fiscales, hasta el año 2029, a las empresas y emprendedores en el diseño, la adaptación y desarrollo de producción de software y servicios afines a las nuevas tecnologías.

Como principales beneficios impositivos de la Ley de Economía del Conocimiento,se destacan la reducción segmentada del impuesto a las ganancias, según el tamaño de la empresa; una baja de hasta 70% en las contribuciones patronales y una alícuota del 0% de derechos de exportación de servicios.

© Copyright2026SA LA NACION | Todos los derechos reservados. Dirección Nacional del Derecho de Autor DNDA - EXPEDIENTE DNDA (renovación) RL-2023-95334553-APN-DNDA#MJ.Queda prohibida la reproducción total o parcial del presente diario.

Protegido por reCAPTCHA:CondicionesPrivacidad

Miembro de GDA. Grupo de Diarios América",derecha
11,2024-01-29,La Nación,,"Fuerte elogio de Marcos Galperin a la creación de empleo en EE.UU, con un guiño a Javier Milei: “La maravilla de una economía libre”",https://www.lanacion.com.ar/economia/fuerte-elogio-de-marcos-galperin-a-la-creacion-de-empleo-en-eeuu-con-un-guino-a-javier-milei-la-nid29012024/,"El CEO y fundador de Mercado Libre, Marcos Galperin, ratificó este lunes su apoyo a las políticas económicas del presidente Javier Milei al aplaudirla creación de 5 millones de empleos en EE.UU.desde el inicio de la pandemia de coronavirus.

La economía de USA agregó 5 millones netos de nuevos empleos desde Feb 2020 (justo antes del COVID). O sea, recuperó todos los empleos perdidos durante la pandemia y creo 5 millones de empleos más. La maravilla de una economía libre y con leyes laborales modernas.https://t.co/GpZu768S2b

“La economía de USA agregó 5 millones netos de nuevos empleosdesde febrero de 2020 (justo antes del COVID). O sea, recuperó todos los empleos perdidos durante la pandemia y creo 5 millones de empleos más. La maravilla de una economía libre y con leyes laborales modernas”, fue el posteo que hizo Galperín.

El CEO hizo esa conclusión al hacer un reposteo de Steven Rattner, un asesor financiero estadounidense que supo trabajar con el ex presidente Barak Obama y escribe columnas económicas paraThe New York Times.

“En este punto de la recuperación de la recesión de las puntocom, apenas habíamos alcanzado el punto de equilibrio. Y en este punto, después de la crisis financiera mundial, todavía nos faltaban 5,8 millones de puestos de trabajo respecto de los niveles de empleo previos a la recesión”, detalló el financista junto con unos diagramas.

The U.S. has added 4.9 million jobs since February 2020.At this point in the recovery from the Dot-Com recession, we had just broken even.And at this point post-GFC, we were still 5.8 million jobs short of pre-recession employment levels.pic.twitter.com/8iTMyK4dYY

Galperin volvió a mostrarse a favor de las ideas liberales en materia económica en momentos en los que el gobierno libertario de Javier Mileiintenta que el Congreso apruebe las medidasque quiere aplicar en esa materia.

Mañana volverá a la Cámara baja el proyecto de ley, cuyo nombre oficial es “Bases y puntos de partida para la libertad de los argentinos”, tras su tratamiento por parte de los diputados y el cuestionamiento de muchos de las propuestas allí volcadas. Es por eso que el documento volverá a ser visto con menos artículos.

El Gobierno decidió retirar los artículos sobre la actualización jubilatoria, las retenciones agropecuarias e industriales, el blanqueo, la moratoria y el adelanto de Bienes Personales. Entonces, con estos temas afuera, unos 110 artículos, el ministro de economía Luis Caputo dijo que la Cámara baja “va a sesionar el martes”, por lo que el proyecto pasará al Senado “rápidamente”.

En tanto, este lunes, la Cámara Nacional de Apelaciones del Trabajo confirmó la medida cautelar que suspendió la reforma laboral del DNU 70/2023 del presidente Javier Milei. El recurso judicial de amparo había sido presentado por la Asociación del Personal Aeronáutico (APA).

Entonces, la Justicia ratificó la suspensión de la aplicabilidad de lo dispuesto sobre materia laboral en el Título IV del “Decreto de Necesidad y Urgencia (DNU) de Desregulación Económica 70/2023″.

Como respuesta a esto, la administración libertaria remarcó que el objeto del DNU es “revindicar derechos civiles como el derecho de trabajar y de ejercer toda industria lícita” y que “promueve una integral protección, con normas que abogan por fomentar y aumentar el empleo y antepone la voluntad del trabajador por sobre la voluntad de sus representantes”.

© Copyright2026SA LA NACION | Todos los derechos reservados. Dirección Nacional del Derecho de Autor DNDA - EXPEDIENTE DNDA (renovación) RL-2023-95334553-APN-DNDA#MJ.Queda prohibida la reproducción total o parcial del presente diario.

Protegido por reCAPTCHA:CondicionesPrivacidad

Miembro de GDA. Grupo de Diarios América",derecha
12,2024-08-28,La Nación,,Nueva reacción de Galperin tras la denuncia a Mercado Libre por conductas anticompetitivas,https://www.lanacion.com.ar/economia/nueva-reaccion-de-galperin-tras-la-denuncia-a-mercado-libre-por-conductas-anticompetitivas-nid28082024/,"El dueño de Mercado Libre,Marcos Galperin, volvió a hablar este miércoles ante las voces detractoras que acusa a su compañía de utilizar conductasanticompetitivaspara posicionar su firma. Esto en medio de las tensiones con los bancos, a los que el empresario argentino que vive en Uruguay losdenuncióesta semana por cartelización debido a su asociación en la plataformaModo.

La réplica de Galperin, que suele ser muy activo en redes sociales, sucedió después de que lo acusaran de que en Mercado Libre solo se puede utilizar Mercado Pago para abonar las compras, lo que deriva en que las comisiones por la transacción la cobre siempre su compañía.

“Cuando te abrís una cuenta en Google también funciona para YouTube. Y lo mismo para Facebook, Instagram y WhatsApp, lo mismo para Amazon y Prime Video, etcétera, etcétera”,comparó el empresario.

“¿Tu idea es que abran distintas cuentas con distintos mails y claves para usar los servicios de una empresa?”, preguntó, irónico, contra la persona que lo criticaba, en línea con los planteos que hacen desde los bancos, que no pueden entrar con su aplicación a mediar en las transacciones de la web de compraventa.

Cuando te abrís una cuenta en Google también funciona para Youtube...y lo mismo para Facebook, Instagram y Whatsapp, lo mismo para Amazon y Prime Video etc, etc...Tu idea es q abran distintas cuentas con distintos mails y claves para usar los servicios de una empresa? 🤡

En otras oportunidades, para respaldar a su firma, Galperin ya había dicho que su empresa es la que más dólares aporta al fisco argentino y que la tasa de Ganancias que paga en este país (de 28%) es “mucho mayor” que la que se cobra en Chile o en Uruguay.

El empresario reeditó la batalla entre Mercado Libre y los bancos cuando hizo el lunes una denuncia ante laComisión Nacional de Defensa de la Competencia (CNDC)contra las entidades agrupadas en la billetera Modo por“concentración prohibida”, “cartelización” y “prácticas coordinadas”,con el fin supuesto de perjudicar a lasfintechs.

En la presentación, el equipo legal de la firma precisó que las entidades financieras solo ofrecen descuentos y promociones si las operaciones se hacen en Modo pero, por ejemplo, no a través del cartón tradicional. “Es como si todos los supermercados se pusieran de acuerdo para tener una única marca de supermercados para comercializar productos y fijaran sus promociones en conjunto para no competir entre sí”, graficaron.

DesdeModo(coordinada a través de la sociedad Play Digital S.A., que conforman36 bancos tradicionales) se quejaron de que Mercado Libre con estas presentaciones judiciales buscalimitar la competenciay rechazaron cualquier acusación de este tipo. Modo pertenece a Santander, BBVA, Galicia, Nación, Ciudad, Macro, ICBC y HSBC, entre otros. Tal como explicóLA NACION, el Provincia es el único de los grandes que no lo integra.

En abril, los bancos ya habían ido a la CNDC para hacer una denuncia contra Mercado Libre por, en teoría, incurrir en conductas “anticompetitivas”.

© Copyright2026SA LA NACION | Todos los derechos reservados. Dirección Nacional del Derecho de Autor DNDA - EXPEDIENTE DNDA (renovación) RL-2023-95334553-APN-DNDA#MJ.Queda prohibida la reproducción total o parcial del presente diario.

Protegido por reCAPTCHA:CondicionesPrivacidad

Miembro de GDA. Grupo de Diarios América",derecha
